loan_id,sku_type,financing_amount,transaction_month,repayment_status,margin,,,
1,C,265.000.000,2024-05-01,repaid,13.250.000,"0,05",0,"5,00%"
2,A,135.500.000,2024-04-01,repaid,6.775.000,"0,05",0,
3,C,250.000.000,2024-04-01,repaid,12.500.000,"0,05",0,
4,A,137.500.000,2024-06-01,repaid,6.875.000,"0,05",0,
5,C,260.000.000,2024-01-01,repaid,13.000.000,"0,05",0,
6,A,135.500.000,2024-04-01,repaid,6.775.000,"0,05",0,
7,C,255.000.000,2024-02-01,repaid,12.750.000,"0,05",0,
8,A,137.500.000,2024-06-01,repaid,6.875.000,"0,05",0,
9,A,135.500.000,2024-04-01,repaid,6.775.000,"0,05",0,
10,C,267.750.000,2024-06-01,repaid,13.387.500,"0,05",0,
11,C,265.000.000,2024-05-01,repaid,13.250.000,"0,05",0,
12,A,135.500.000,2024-04-01,repaid,6.775.000,"0,05",0,
13,C,260.000.000,2024-01-01,repaid,13.000.000,"0,05",0,
14,B,222.500.000,2024-06-01,repaid,11.125.000,"0,05",0,
15,A,138.000.000,2024-03-01,repaid,6.900.000,"0,05",0,
16,A,135.500.000,2024-04-01,repaid,6.775.000,"0,05",0,
17,B,226.000.000,2024-05-01,repaid,11.300.000,"0,05",0,
18,A,136.500.000,2024-05-01,repaid,6.825.000,"0,05",0,
19,A,137.500.000,2024-06-01,repaid,6.875.000,"0,05",0,
20,A,135.500.000,2024-04-01,repaid,6.775.000,"0,05",0,
21,B,220.000.000,2024-02-01,repaid,11.000.000,"0,05",0,
22,B,222.500.000,2024-06-01,repaid,11.125.000,"0,05",0,
23,A,137.500.000,2024-06-01,repaid,6.875.000,"0,05",0,
24,B,230.000.000,2024-03-01,repaid,11.500.000,"0,05",0,
25,B,212.500.000,2024-01-01,repaid,10.625.000,"0,05",0,
26,C,255.000.000,2024-02-01,repaid,12.750.000,"0,05",0,
27,B,226.000.000,2024-05-01,repaid,11.300.000,"0,05",0,
28,A,137.500.000,2024-06-01,repaid,6.875.000,"0,05",0,
29,B,226.000.000,2024-05-01,repaid,11.300.000,"0,05",0,
30,C,265.000.000,2024-05-01,repaid,13.250.000,"0,05",0,
31,A,137.500.000,2024-06-01,repaid,6.875.000,"0,05",0,
32,C,262.500.000,2024-03-01,repaid,13.125.000,"0,05",0,
33,A,127.500.000,2024-02-01,repaid,6.375.000,"0,05",0,
34,A,127.500.000,2024-02-01,repaid,6.375.000,"0,05",0,
35,B,230.000.000,2024-03-01,repaid,11.500.000,"0,05",0,
36,B,220.000.000,2024-02-01,defaulted,-66.000.000,"-0,3",0,
37,A,136.500.000,2024-05-01,repaid,6.825.000,"0,05",0,
38,B,230.000.000,2024-03-01,repaid,11.500.000,"0,05",0,
39,C,255.000.000,2024-02-01,repaid,12.750.000,"0,05",0,
40,C,267.750.000,2024-06-01,repaid,13.387.500,"0,05",0,
41,B,228.000.000,2024-04-01,repaid,11.400.000,"0,05",0,
42,B,228.000.000,2024-04-01,repaid,11.400.000,"0,05",0,
43,A,137.500.000,2024-06-01,repaid,6.875.000,"0,05",0,
44,A,136.500.000,2024-05-01,repaid,6.825.000,"0,05",0,
45,A,136.500.000,2024-05-01,repaid,6.825.000,"0,05",0,
46,A,138.000.000,2024-03-01,repaid,6.900.000,"0,05",0,
47,A,135.500.000,2024-04-01,repaid,6.775.000,"0,05",0,
48,B,228.000.000,2024-04-01,repaid,11.400.000,"0,05",0,
49,A,136.500.000,2024-05-01,repaid,6.825.000,"0,05",0,
50,A,127.500.000,2024-02-01,repaid,6.375.000,"0,05",0,
51,A,127.500.000,2024-02-01,repaid,6.375.000,"0,05",0,
52,A,135.500.000,2024-04-01,repaid,6.775.000,"0,05",0,
53,A,135.000.000,2024-01-01,repaid,6.750.000,"0,05",0,
54,A,137.500.000,2024-06-01,repaid,6.875.000,"0,05",0,
55,A,127.500.000,2024-02-01,repaid,6.375.000,"0,05",0,
56,B,228.000.000,2024-04-01,repaid,11.400.000,"0,05",0,
57,A,137.500.000,2024-06-01,repaid,6.875.000,"0,05",0,
58,B,220.000.000,2024-02-01,repaid,11.000.000,"0,05",0,
59,A,136.500.000,2024-05-01,repaid,6.825.000,"0,05",0,
60,B,228.000.000,2024-04-01,repaid,11.400.000,"0,05",0,
61,A,136.500.000,2024-05-01,repaid,6.825.000,"0,05",0,
62,A,138.000.000,2024-03-01,repaid,6.900.000,"0,05",0,
63,A,127.500.000,2024-02-01,repaid,6.375.000,"0,05",0,
64,A,135.000.000,2024-01-01,repaid,6.750.000,"0,05",0,
65,B,226.000.000,2024-05-01,repaid,11.300.000,"0,05",0,
66,A,137.500.000,2024-06-01,repaid,6.875.000,"0,05",0,
67,B,220.000.000,2024-02-01,repaid,11.000.000,"0,05",0,
68,B,228.000.000,2024-04-01,repaid,11.400.000,"0,05",0,
69,B,212.500.000,2024-01-01,repaid,10.625.000,"0,05",0,
70,B,226.000.000,2024-05-01,repaid,11.300.000,"0,05",0,
71,B,230.000.000,2024-03-01,repaid,11.500.000,"0,05",0,
72,C,255.000.000,2024-02-01,defaulted,-76.500.000,"-0,3",0,
73,B,222.500.000,2024-06-01,repaid,11.125.000,"0,05",0,
74,B,226.000.000,2024-05-01,repaid,11.300.000,"0,05",0,
75,A,135.000.000,2024-01-01,repaid,6.750.000,"0,05",0,
76,C,260.000.000,2024-01-01,repaid,13.000.000,"0,05",0,
77,B,228.000.000,2024-04-01,repaid,11.400.000,"0,05",0,
78,A,135.000.000,2024-01-01,repaid,6.750.000,"0,05",0,
79,B,228.000.000,2024-04-01,repaid,11.400.000,"0,05",0,
80,B,220.000.000,2024-02-01,repaid,11.000.000,"0,05",0,
81,A,135.500.000,2024-04-01,repaid,6.775.000,"0,05",0,
82,B,226.000.000,2024-05-01,defaulted,-67.800.000,"-0,3",0,
83,C,250.000.000,2024-04-01,repaid,12.500.000,"0,05",0,
84,C,250.000.000,2024-04-01,repaid,12.500.000,"0,05",0,
85,B,226.000.000,2024-05-01,repaid,11.300.000,"0,05",0,
86,A,135.500.000,2024-04-01,repaid,6.775.000,"0,05",0,
87,A,135.500.000,2024-04-01,repaid,6.775.000,"0,05",0,
88,A,136.500.000,2024-05-01,repaid,6.825.000,"0,05",0,
89,B,222.500.000,2024-06-01,repaid,11.125.000,"0,05",0,
90,A,136.500.000,2024-05-01,repaid,6.825.000,"0,05",0,
91,C,267.750.000,2024-06-01,repaid,13.387.500,"0,05",0,
92,A,135.500.000,2024-04-01,repaid,6.775.000,"0,05",0,
93,A,138.000.000,2024-03-01,defaulted,-41.400.000,"-0,3",0,
94,B,222.500.000,2024-06-01,repaid,11.125.000,"0,05",0,
95,A,136.500.000,2024-05-01,repaid,6.825.000,"0,05",0,
96,C,260.000.000,2024-01-01,repaid,13.000.000,"0,05",0,
97,C,255.000.000,2024-02-01,repaid,12.750.000,"0,05",0,
98,B,226.000.000,2024-05-01,repaid,11.300.000,"0,05",0,
99,A,135.500.000,2024-04-01,repaid,6.775.000,"0,05",0,
100,B,228.000.000,2024-04-01,repaid,11.400.000,"0,05",0,
101,A,137.500.000,2024-06-01,defaulted,-41.250.000,"-0,3",0,
102,C,255.000.000,2024-02-01,repaid,12.750.000,"0,05",0,
103,A,138.000.000,2024-03-01,defaulted,-41.400.000,"-0,3",0,
104,C,262.500.000,2024-03-01,repaid,13.125.000,"0,05",0,
105,A,137.500.000,2024-06-01,repaid,6.875.000,"0,05",0,
106,A,137.500.000,2024-06-01,repaid,6.875.000,"0,05",0,
107,B,222.500.000,2024-06-01,repaid,11.125.000,"0,05",0,
108,B,222.500.000,2024-06-01,repaid,11.125.000,"0,05",0,
109,B,226.000.000,2024-05-01,repaid,11.300.000,"0,05",0,
110,A,135.500.000,2024-04-01,repaid,6.775.000,"0,05",0,
111,C,265.000.000,2024-05-01,repaid,13.250.000,"0,05",0,
112,A,135.500.000,2024-04-01,repaid,6.775.000,"0,05",0,
113,C,260.000.000,2024-01-01,repaid,13.000.000,"0,05",0,
114,C,262.500.000,2024-03-01,defaulted,-78.750.000,"-0,3",0,
115,A,138.000.000,2024-03-01,repaid,6.900.000,"0,05",0,
116,A,137.500.000,2024-06-01,repaid,6.875.000,"0,05",0,
117,A,127.500.000,2024-02-01,repaid,6.375.000,"0,05",0,
118,A,136.500.000,2024-05-01,repaid,6.825.000,"0,05",0,
119,A,138.000.000,2024-03-01,repaid,6.900.000,"0,05",0,
120,B,222.500.000,2024-06-01,repaid,11.125.000,"0,05",0,
121,A,135.500.000,2024-04-01,repaid,6.775.000,"0,05",0,
122,A,127.500.000,2024-02-01,repaid,6.375.000,"0,05",0,
123,B,230.000.000,2024-03-01,repaid,11.500.000,"0,05",0,
124,A,138.000.000,2024-03-01,repaid,6.900.000,"0,05",0,
125,A,138.000.000,2024-03-01,defaulted,-41.400.000,"-0,3",0,
126,C,255.000.000,2024-02-01,defaulted,-76.500.000,"-0,3",0,
127,B,230.000.000,2024-03-01,defaulted,-69.000.000,"-0,3",0,
128,A,135.500.000,2024-04-01,repaid,6.775.000,"0,05",0,
129,C,265.000.000,2024-05-01,repaid,13.250.000,"0,05",0,
130,A,135.000.000,2024-01-01,repaid,6.750.000,"0,05",0,
131,A,138.000.000,2024-03-01,repaid,6.900.000,"0,05",0,
132,A,135.500.000,2024-04-01,repaid,6.775.000,"0,05",0,
133,B,228.000.000,2024-04-01,repaid,11.400.000,"0,05",0,
134,B,228.000.000,2024-04-01,repaid,11.400.000,"0,05",0,
135,A,135.500.000,2024-04-01,repaid,6.775.000,"0,05",0,
136,C,267.750.000,2024-06-01,repaid,13.387.500,"0,05",0,
137,B,226.000.000,2024-05-01,repaid,11.300.000,"0,05",0,
138,A,135.000.000,2024-01-01,repaid,6.750.000,"0,05",0,
139,C,250.000.000,2024-04-01,repaid,12.500.000,"0,05",0,
140,A,137.500.000,2024-06-01,repaid,6.875.000,"0,05",0,
141,A,137.500.000,2024-06-01,repaid,6.875.000,"0,05",0,
142,B,228.000.000,2024-04-01,repaid,11.400.000,"0,05",0,
143,A,138.000.000,2024-03-01,repaid,6.900.000,"0,05",0,
144,A,136.500.000,2024-05-01,repaid,6.825.000,"0,05",0,
145,B,226.000.000,2024-05-01,repaid,11.300.000,"0,05",0,
146,A,127.500.000,2024-02-01,repaid,6.375.000,"0,05",0,
147,A,136.500.000,2024-05-01,repaid,6.825.000,"0,05",0,
148,C,260.000.000,2024-01-01,repaid,13.000.000,"0,05",0,
149,A,135.000.000,2024-01-01,repaid,6.750.000,"0,05",0,
150,C,262.500.000,2024-03-01,repaid,13.125.000,"0,05",0,
151,C,267.750.000,2024-06-01,defaulted,-80.325.000,"-0,3",0,
152,A,135.500.000,2024-04-01,defaulted,-40.650.000,"-0,3",0,
153,C,255.000.000,2024-02-01,repaid,12.750.000,"0,05",0,
154,C,260.000.000,2024-01-01,repaid,13.000.000,"0,05",0,
155,A,136.500.000,2024-05-01,repaid,6.825.000,"0,05",0,
156,C,260.000.000,2024-01-01,repaid,13.000.000,"0,05",0,
157,A,138.000.000,2024-03-01,repaid,6.900.000,"0,05",0,
158,A,136.500.000,2024-05-01,repaid,6.825.000,"0,05",0,
159,A,127.500.000,2024-02-01,repaid,6.375.000,"0,05",0,
160,A,136.500.000,2024-05-01,repaid,6.825.000,"0,05",0,
161,A,136.500.000,2024-05-01,repaid,6.825.000,"0,05",0,
162,A,137.500.000,2024-06-01,repaid,6.875.000,"0,05",0,
163,C,262.500.000,2024-03-01,repaid,13.125.000,"0,05",0,
164,C,262.500.000,2024-03-01,repaid,13.125.000,"0,05",0,
165,A,127.500.000,2024-02-01,repaid,6.375.000,"0,05",0,
166,B,220.000.000,2024-02-01,repaid,11.000.000,"0,05",0,
167,B,220.000.000,2024-02-01,repaid,11.000.000,"0,05",0,
168,B,220.000.000,2024-02-01,repaid,11.000.000,"0,05",0,
169,B,220.000.000,2024-02-01,repaid,11.000.000,"0,05",0,
170,B,220.000.000,2024-02-01,repaid,11.000.000,"0,05",0,
171,A,135.000.000,2024-01-01,repaid,6.750.000,"0,05",0,
172,A,135.500.000,2024-04-01,repaid,6.775.000,"0,05",0,
173,B,230.000.000,2024-03-01,repaid,11.500.000,"0,05",0,
174,A,138.000.000,2024-03-01,repaid,6.900.000,"0,05",0,
175,A,135.500.000,2024-04-01,repaid,6.775.000,"0,05",0,
176,B,230.000.000,2024-03-01,repaid,11.500.000,"0,05",0,
177,A,137.500.000,2024-06-01,defaulted,-41.250.000,"-0,3",0,
178,B,220.000.000,2024-02-01,repaid,11.000.000,"0,05",0,
179,C,260.000.000,2024-01-01,repaid,13.000.000,"0,05",0,
180,C,267.750.000,2024-06-01,repaid,13.387.500,"0,05",0,
181,A,137.500.000,2024-06-01,repaid,6.875.000,"0,05",0,
182,A,135.500.000,2024-04-01,repaid,6.775.000,"0,05",0,
183,A,127.500.000,2024-02-01,repaid,6.375.000,"0,05",0,
184,B,220.000.000,2024-02-01,repaid,11.000.000,"0,05",0,
185,B,220.000.000,2024-02-01,repaid,11.000.000,"0,05",0,
186,A,136.500.000,2024-05-01,repaid,6.825.000,"0,05",0,
187,C,267.750.000,2024-06-01,repaid,13.387.500,"0,05",0,
188,C,262.500.000,2024-03-01,repaid,13.125.000,"0,05",0,
189,B,222.500.000,2024-06-01,repaid,11.125.000,"0,05",0,
190,A,127.500.000,2024-02-01,repaid,6.375.000,"0,05",0,
191,C,250.000.000,2024-04-01,repaid,12.500.000,"0,05",0,
192,C,260.000.000,2024-01-01,defaulted,-78.000.000,"-0,3",0,
193,A,137.500.000,2024-06-01,repaid,6.875.000,"0,05",0,
194,A,135.000.000,2024-01-01,repaid,6.750.000,"0,05",0,
195,B,212.500.000,2024-01-01,repaid,10.625.000,"0,05",0,
196,C,260.000.000,2024-01-01,repaid,13.000.000,"0,05",0,
197,B,228.000.000,2024-04-01,repaid,11.400.000,"0,05",0,
198,B,228.000.000,2024-04-01,repaid,11.400.000,"0,05",0,
199,A,135.500.000,2024-04-01,repaid,6.775.000,"0,05",0,
200,B,222.500.000,2024-06-01,repaid,11.125.000,"0,05",0,
201,B,230.000.000,2024-03-01,repaid,11.500.000,"0,05",0,
202,A,136.500.000,2024-05-01,repaid,6.825.000,"0,05",0,
203,C,262.500.000,2024-03-01,defaulted,-78.750.000,"-0,3",0,
204,C,265.000.000,2024-05-01,repaid,13.250.000,"0,05",0,
205,B,226.000.000,2024-05-01,repaid,11.300.000,"0,05",0,
206,A,138.000.000,2024-03-01,repaid,6.900.000,"0,05",0,
207,A,136.500.000,2024-05-01,repaid,6.825.000,"0,05",0,
208,A,137.500.000,2024-06-01,defaulted,-41.250.000,"-0,3",0,
209,C,255.000.000,2024-02-01,repaid,12.750.000,"0,05",0,
210,A,135.000.000,2024-01-01,repaid,6.750.000,"0,05",0,
211,B,220.000.000,2024-02-01,repaid,11.000.000,"0,05",0,
212,A,136.500.000,2024-05-01,defaulted,-40.950.000,"-0,3",0,
213,B,222.500.000,2024-06-01,repaid,11.125.000,"0,05",0,
214,A,127.500.000,2024-02-01,repaid,6.375.000,"0,05",0,
215,C,255.000.000,2024-02-01,repaid,12.750.000,"0,05",0,
216,A,138.000.000,2024-03-01,repaid,6.900.000,"0,05",0,
217,A,138.000.000,2024-03-01,defaulted,-41.400.000,"-0,3",0,
218,A,137.500.000,2024-06-01,repaid,6.875.000,"0,05",0,
219,A,127.500.000,2024-02-01,repaid,6.375.000,"0,05",0,
220,A,135.000.000,2024-01-01,repaid,6.750.000,"0,05",0,
221,B,226.000.000,2024-05-01,repaid,11.300.000,"0,05",0,
222,C,265.000.000,2024-05-01,repaid,13.250.000,"0,05",0,
223,A,135.000.000,2024-01-01,repaid,6.750.000,"0,05",0,
224,C,260.000.000,2024-01-01,repaid,13.000.000,"0,05",0,
225,B,230.000.000,2024-03-01,defaulted,-69.000.000,"-0,3",0,
226,A,135.500.000,2024-04-01,repaid,6.775.000,"0,05",0,
227,A,135.500.000,2024-04-01,repaid,6.775.000,"0,05",0,
228,A,137.500.000,2024-06-01,repaid,6.875.000,"0,05",0,
229,A,137.500.000,2024-06-01,repaid,6.875.000,"0,05",0,
230,A,136.500.000,2024-05-01,repaid,6.825.000,"0,05",0,
231,A,138.000.000,2024-03-01,repaid,6.900.000,"0,05",0,
232,A,136.500.000,2024-05-01,repaid,6.825.000,"0,05",0,
233,B,212.500.000,2024-01-01,repaid,10.625.000,"0,05",0,
234,A,127.500.000,2024-02-01,repaid,6.375.000,"0,05",0,
235,B,228.000.000,2024-04-01,repaid,11.400.000,"0,05",0,
236,B,222.500.000,2024-06-01,repaid,11.125.000,"0,05",0,
237,A,127.500.000,2024-02-01,repaid,6.375.000,"0,05",0,
238,A,136.500.000,2024-05-01,repaid,6.825.000,"0,05",0,
239,A,135.000.000,2024-01-01,repaid,6.750.000,"0,05",0,
240,A,135.000.000,2024-01-01,repaid,6.750.000,"0,05",0,
241,A,136.500.000,2024-05-01,repaid,6.825.000,"0,05",0,
242,C,267.750.000,2024-06-01,repaid,13.387.500,"0,05",0,
243,A,138.000.000,2024-03-01,repaid,6.900.000,"0,05",0,
244,A,127.500.000,2024-02-01,repaid,6.375.000,"0,05",0,
245,A,137.500.000,2024-06-01,repaid,6.875.000,"0,05",0,
246,A,135.500.000,2024-04-01,repaid,6.775.000,"0,05",0,
247,A,138.000.000,2024-03-01,repaid,6.900.000,"0,05",0,
248,A,136.500.000,2024-05-01,repaid,6.825.000,"0,05",0,
249,A,127.500.000,2024-02-01,repaid,6.375.000,"0,05",0,
250,A,136.500.000,2024-05-01,repaid,6.825.000,"0,05",0,
251,A,136.500.000,2024-05-01,repaid,6.825.000,"0,05",0,
252,C,260.000.000,2024-01-01,repaid,13.000.000,"0,05",0,
253,C,262.500.000,2024-03-01,repaid,13.125.000,"0,05",0,
254,A,137.500.000,2024-06-01,repaid,6.875.000,"0,05",0,
255,B,226.000.000,2024-05-01,repaid,11.300.000,"0,05",0,
256,A,135.500.000,2024-04-01,repaid,6.775.000,"0,05",0,
257,A,136.500.000,2024-05-01,repaid,6.825.000,"0,05",0,
258,C,262.500.000,2024-03-01,repaid,13.125.000,"0,05",0,
259,A,137.500.000,2024-06-01,repaid,6.875.000,"0,05",0,
260,B,222.500.000,2024-06-01,repaid,11.125.000,"0,05",0,
261,A,136.500.000,2024-05-01,repaid,6.825.000,"0,05",0,
262,A,136.500.000,2024-05-01,repaid,6.825.000,"0,05",0,
263,A,136.500.000,2024-05-01,repaid,6.825.000,"0,05",0,
264,C,265.000.000,2024-05-01,repaid,13.250.000,"0,05",0,
265,B,212.500.000,2024-01-01,repaid,10.625.000,"0,05",0,
266,C,255.000.000,2024-02-01,repaid,12.750.000,"0,05",0,
267,C,262.500.000,2024-03-01,repaid,13.125.000,"0,05",0,
268,A,137.500.000,2024-06-01,repaid,6.875.000,"0,05",0,
269,A,127.500.000,2024-02-01,repaid,6.375.000,"0,05",0,
270,B,226.000.000,2024-05-01,repaid,11.300.000,"0,05",0,
271,A,135.000.000,2024-01-01,repaid,6.750.000,"0,05",0,
272,B,226.000.000,2024-05-01,repaid,11.300.000,"0,05",0,
273,A,137.500.000,2024-06-01,repaid,6.875.000,"0,05",0,
274,A,135.500.000,2024-04-01,repaid,6.775.000,"0,05",0,
275,A,136.500.000,2024-05-01,repaid,6.825.000,"0,05",0,
276,C,255.000.000,2024-02-01,repaid,12.750.000,"0,05",0,
277,C,267.750.000,2024-06-01,repaid,13.387.500,"0,05",0,
278,A,138.000.000,2024-03-01,repaid,6.900.000,"0,05",0,
279,B,226.000.000,2024-05-01,repaid,11.300.000,"0,05",0,
280,C,267.750.000,2024-06-01,repaid,13.387.500,"0,05",0,
281,B,222.500.000,2024-06-01,repaid,11.125.000,"0,05",0,
282,A,135.500.000,2024-04-01,repaid,6.775.000,"0,05",0,
283,B,228.000.000,2024-04-01,repaid,11.400.000,"0,05",0,
284,A,137.500.000,2024-06-01,repaid,6.875.000,"0,05",0,
285,A,138.000.000,2024-03-01,repaid,6.900.000,"0,05",0,
286,A,135.500.000,2024-04-01,repaid,6.775.000,"0,05",0,
287,A,138.000.000,2024-03-01,repaid,6.900.000,"0,05",0,
288,B,226.000.000,2024-05-01,repaid,11.300.000,"0,05",0,
289,A,138.000.000,2024-03-01,repaid,6.900.000,"0,05",0,
290,C,255.000.000,2024-02-01,repaid,12.750.000,"0,05",0,
291,A,135.000.000,2024-01-01,repaid,6.750.000,"0,05",0,
292,C,250.000.000,2024-04-01,repaid,12.500.000,"0,05",0,
293,C,250.000.000,2024-04-01,repaid,12.500.000,"0,05",0,
294,B,226.000.000,2024-05-01,repaid,11.300.000,"0,05",0,
295,B,226.000.000,2024-05-01,repaid,11.300.000,"0,05",0,
296,C,260.000.000,2024-01-01,repaid,13.000.000,"0,05",0,
297,A,135.000.000,2024-01-01,repaid,6.750.000,"0,05",0,
298,C,262.500.000,2024-03-01,repaid,13.125.000,"0,05",0,
299,C,255.000.000,2024-02-01,repaid,12.750.000,"0,05",0,
300,C,250.000.000,2024-04-01,repaid,12.500.000,"0,05",0,
301,A,138.000.000,2024-03-01,repaid,6.900.000,"0,05",0,
302,C,262.500.000,2024-03-01,repaid,13.125.000,"0,05",0,
303,A,137.500.000,2024-06-01,repaid,6.875.000,"0,05",0,
304,B,228.000.000,2024-04-01,repaid,11.400.000,"0,05",0,
305,C,250.000.000,2024-04-01,repaid,12.500.000,"0,05",0,
306,A,136.500.000,2024-05-01,repaid,6.825.000,"0,05",0,
307,A,138.000.000,2024-03-01,repaid,6.900.000,"0,05",0,
308,B,226.000.000,2024-05-01,defaulted,-67.800.000,"-0,3",0,
309,C,260.000.000,2024-01-01,repaid,13.000.000,"0,05",0,
310,A,135.000.000,2024-01-01,repaid,6.750.000,"0,05",0,
311,A,135.500.000,2024-04-01,repaid,6.775.000,"0,05",0,
312,A,137.500.000,2024-06-01,repaid,6.875.000,"0,05",0,
313,A,136.500.000,2024-05-01,repaid,6.825.000,"0,05",0,
314,A,135.500.000,2024-04-01,repaid,6.775.000,"0,05",0,
315,A,136.500.000,2024-05-01,repaid,6.825.000,"0,05",0,
316,B,222.500.000,2024-06-01,repaid,11.125.000,"0,05",0,
317,C,267.750.000,2024-06-01,repaid,13.387.500,"0,05",0,
318,A,127.500.000,2024-02-01,repaid,6.375.000,"0,05",0,
319,A,138.000.000,2024-03-01,repaid,6.900.000,"0,05",0,
320,A,136.500.000,2024-05-01,repaid,6.825.000,"0,05",0,
321,A,137.500.000,2024-06-01,repaid,6.875.000,"0,05",0,
322,C,260.000.000,2024-01-01,repaid,13.000.000,"0,05",0,
323,C,265.000.000,2024-05-01,repaid,13.250.000,"0,05",0,
324,A,138.000.000,2024-03-01,repaid,6.900.000,"0,05",0,
325,B,228.000.000,2024-04-01,repaid,11.400.000,"0,05",0,
326,C,262.500.000,2024-03-01,repaid,13.125.000,"0,05",0,
327,A,135.000.000,2024-01-01,repaid,6.750.000,"0,05",0,
328,C,260.000.000,2024-01-01,repaid,13.000.000,"0,05",0,
329,A,138.000.000,2024-03-01,repaid,6.900.000,"0,05",0,
330,B,228.000.000,2024-04-01,defaulted,-68.400.000,"-0,3",0,
331,A,137.500.000,2024-06-01,repaid,6.875.000,"0,05",0,
332,A,137.500.000,2024-06-01,repaid,6.875.000,"0,05",0,
333,B,220.000.000,2024-02-01,repaid,11.000.000,"0,05",0,
334,A,127.500.000,2024-02-01,repaid,6.375.000,"0,05",0,
335,A,136.500.000,2024-05-01,defaulted,-40.950.000,"-0,3",0,
336,A,135.500.000,2024-04-01,repaid,6.775.000,"0,05",0,
337,A,136.500.000,2024-05-01,repaid,6.825.000,"0,05",0,
338,C,260.000.000,2024-01-01,repaid,13.000.000,"0,05",0,
339,B,230.000.000,2024-03-01,repaid,11.500.000,"0,05",0,
340,A,136.500.000,2024-05-01,repaid,6.825.000,"0,05",0,
341,A,135.500.000,2024-04-01,repaid,6.775.000,"0,05",0,
342,A,135.000.000,2024-01-01,repaid,6.750.000,"0,05",0,
343,A,138.000.000,2024-03-01,repaid,6.900.000,"0,05",0,
344,A,136.500.000,2024-05-01,repaid,6.825.000,"0,05",0,
345,C,267.750.000,2024-06-01,repaid,13.387.500,"0,05",0,
346,A,127.500.000,2024-02-01,repaid,6.375.000,"0,05",0,
347,C,262.500.000,2024-03-01,repaid,13.125.000,"0,05",0,
348,C,260.000.000,2024-01-01,repaid,13.000.000,"0,05",0,
349,A,138.000.000,2024-03-01,repaid,6.900.000,"0,05",0,
350,B,226.000.000,2024-05-01,repaid,11.300.000,"0,05",0,
351,A,138.000.000,2024-03-01,repaid,6.900.000,"0,05",0,
352,B,226.000.000,2024-05-01,repaid,11.300.000,"0,05",0,
353,B,222.500.000,2024-06-01,repaid,11.125.000,"0,05",0,
354,A,127.500.000,2024-02-01,repaid,6.375.000,"0,05",0,
355,A,138.000.000,2024-03-01,repaid,6.900.000,"0,05",0,
356,B,212.500.000,2024-01-01,repaid,10.625.000,"0,05",0,
357,A,137.500.000,2024-06-01,repaid,6.875.000,"0,05",0,
358,C,250.000.000,2024-04-01,repaid,12.500.000,"0,05",0,
359,A,137.500.000,2024-06-01,repaid,6.875.000,"0,05",0,
360,A,137.500.000,2024-06-01,repaid,6.875.000,"0,05",0,
361,A,138.000.000,2024-03-01,repaid,6.900.000,"0,05",0,
362,A,138.000.000,2024-03-01,repaid,6.900.000,"0,05",0,
363,B,222.500.000,2024-06-01,defaulted,-66.750.000,"-0,3",0,
364,A,137.500.000,2024-06-01,repaid,6.875.000,"0,05",0,
365,A,127.500.000,2024-02-01,repaid,6.375.000,"0,05",0,
366,C,262.500.000,2024-03-01,repaid,13.125.000,"0,05",0,
367,A,135.500.000,2024-04-01,repaid,6.775.000,"0,05",0,
368,B,228.000.000,2024-04-01,repaid,11.400.000,"0,05",0,
369,C,260.000.000,2024-01-01,repaid,13.000.000,"0,05",0,
370,B,230.000.000,2024-03-01,repaid,11.500.000,"0,05",0,
371,A,136.500.000,2024-05-01,repaid,6.825.000,"0,05",0,
372,A,136.500.000,2024-05-01,repaid,6.825.000,"0,05",0,
373,A,127.500.000,2024-02-01,repaid,6.375.000,"0,05",0,
374,A,137.500.000,2024-06-01,repaid,6.875.000,"0,05",0,
375,C,255.000.000,2024-02-01,repaid,12.750.000,"0,05",0,
376,A,137.500.000,2024-06-01,repaid,6.875.000,"0,05",0,
377,A,138.000.000,2024-03-01,repaid,6.900.000,"0,05",0,
378,A,138.000.000,2024-03-01,repaid,6.900.000,"0,05",0,
379,A,136.500.000,2024-05-01,repaid,6.825.000,"0,05",0,
380,A,136.500.000,2024-05-01,repaid,6.825.000,"0,05",0,
381,A,137.500.000,2024-06-01,repaid,6.875.000,"0,05",0,
382,A,135.500.000,2024-04-01,repaid,6.775.000,"0,05",0,
383,A,136.500.000,2024-05-01,repaid,6.825.000,"0,05",0,
384,B,230.000.000,2024-03-01,repaid,11.500.000,"0,05",0,
385,B,222.500.000,2024-06-01,repaid,11.125.000,"0,05",0,
386,B,228.000.000,2024-04-01,repaid,11.400.000,"0,05",0,
387,A,137.500.000,2024-06-01,repaid,6.875.000,"0,05",0,
388,C,260.000.000,2024-01-01,repaid,13.000.000,"0,05",0,
389,A,135.500.000,2024-04-01,repaid,6.775.000,"0,05",0,
390,A,135.500.000,2024-04-01,repaid,6.775.000,"0,05",0,
391,B,222.500.000,2024-06-01,repaid,11.125.000,"0,05",0,
392,B,230.000.000,2024-03-01,repaid,11.500.000,"0,05",0,
393,A,138.000.000,2024-03-01,defaulted,-41.400.000,"-0,3",0,
394,C,250.000.000,2024-04-01,repaid,12.500.000,"0,05",0,
395,C,267.750.000,2024-06-01,repaid,13.387.500,"0,05",0,
396,A,136.500.000,2024-05-01,repaid,6.825.000,"0,05",0,
397,B,226.000.000,2024-05-01,repaid,11.300.000,"0,05",0,
398,A,137.500.000,2024-06-01,repaid,6.875.000,"0,05",0,
399,A,127.500.000,2024-02-01,repaid,6.375.000,"0,05",0,
400,B,226.000.000,2024-05-01,repaid,11.300.000,"0,05",0,
401,B,212.500.000,2024-01-01,repaid,10.625.000,"0,05",0,
402,A,136.500.000,2024-05-01,repaid,6.825.000,"0,05",0,
403,A,135.500.000,2024-04-01,repaid,6.775.000,"0,05",0,
404,C,250.000.000,2024-04-01,repaid,12.500.000,"0,05",0,
405,C,260.000.000,2024-01-01,repaid,13.000.000,"0,05",0,
406,B,228.000.000,2024-04-01,repaid,11.400.000,"0,05",0,
407,C,255.000.000,2024-02-01,repaid,12.750.000,"0,05",0,
408,A,135.500.000,2024-04-01,repaid,6.775.000,"0,05",0,
409,A,136.500.000,2024-05-01,repaid,6.825.000,"0,05",0,
410,B,228.000.000,2024-04-01,repaid,11.400.000,"0,05",0,
411,C,260.000.000,2024-01-01,defaulted,-78.000.000,"-0,3",0,
412,C,265.000.000,2024-05-01,repaid,13.250.000,"0,05",0,
413,A,136.500.000,2024-05-01,repaid,6.825.000,"0,05",0,
414,A,137.500.000,2024-06-01,repaid,6.875.000,"0,05",0,
415,A,135.000.000,2024-01-01,repaid,6.750.000,"0,05",0,
416,A,127.500.000,2024-02-01,repaid,6.375.000,"0,05",0,
417,B,222.500.000,2024-06-01,repaid,11.125.000,"0,05",0,
418,A,136.500.000,2024-05-01,repaid,6.825.000,"0,05",0,
419,C,260.000.000,2024-01-01,repaid,13.000.000,"0,05",0,
420,A,138.000.000,2024-03-01,repaid,6.900.000,"0,05",0,
421,C,260.000.000,2024-01-01,repaid,13.000.000,"0,05",0,
422,C,260.000.000,2024-01-01,repaid,13.000.000,"0,05",0,
423,A,135.000.000,2024-01-01,repaid,6.750.000,"0,05",0,
424,B,222.500.000,2024-06-01,repaid,11.125.000,"0,05",0,
425,A,137.500.000,2024-06-01,repaid,6.875.000,"0,05",0,
426,B,228.000.000,2024-04-01,repaid,11.400.000,"0,05",0,
427,B,226.000.000,2024-05-01,repaid,11.300.000,"0,05",0,
428,A,127.500.000,2024-02-01,repaid,6.375.000,"0,05",0,
429,A,137.500.000,2024-06-01,repaid,6.875.000,"0,05",0,
430,B,230.000.000,2024-03-01,repaid,11.500.000,"0,05",0,
431,A,137.500.000,2024-06-01,defaulted,-41.250.000,"-0,3",0,
432,A,138.000.000,2024-03-01,repaid,6.900.000,"0,05",0,
433,A,137.500.000,2024-06-01,repaid,6.875.000,"0,05",0,
434,A,136.500.000,2024-05-01,defaulted,-40.950.000,"-0,3",0,
435,B,222.500.000,2024-06-01,repaid,11.125.000,"0,05",0,
436,C,250.000.000,2024-04-01,repaid,12.500.000,"0,05",0,
437,A,127.500.000,2024-02-01,repaid,6.375.000,"0,05",0,
438,A,136.500.000,2024-05-01,repaid,6.825.000,"0,05",0,
439,C,267.750.000,2024-06-01,repaid,13.387.500,"0,05",0,
440,A,135.000.000,2024-01-01,repaid,6.750.000,"0,05",0,
441,B,212.500.000,2024-01-01,repaid,10.625.000,"0,05",0,
442,C,265.000.000,2024-05-01,defaulted,-79.500.000,"-0,3",0,
443,B,222.500.000,2024-06-01,defaulted,-66.750.000,"-0,3",0,
444,B,222.500.000,2024-06-01,repaid,11.125.000,"0,05",0,
445,A,137.500.000,2024-06-01,repaid,6.875.000,"0,05",0,
446,C,267.750.000,2024-06-01,repaid,13.387.500,"0,05",0,
447,C,250.000.000,2024-04-01,repaid,12.500.000,"0,05",0,
448,B,226.000.000,2024-05-01,repaid,11.300.000,"0,05",0,
449,A,138.000.000,2024-03-01,repaid,6.900.000,"0,05",0,
450,A,127.500.000,2024-02-01,repaid,6.375.000,"0,05",0,
451,A,137.500.000,2024-06-01,repaid,6.875.000,"0,05",0,
452,A,137.500.000,2024-06-01,repaid,6.875.000,"0,05",0,
453,B,212.500.000,2024-01-01,repaid,10.625.000,"0,05",0,
454,A,135.000.000,2024-01-01,repaid,6.750.000,"0,05",0,
455,C,265.000.000,2024-05-01,repaid,13.250.000,"0,05",0,
456,A,138.000.000,2024-03-01,repaid,6.900.000,"0,05",0,
457,A,137.500.000,2024-06-01,repaid,6.875.000,"0,05",0,
458,B,222.500.000,2024-06-01,repaid,11.125.000,"0,05",0,
459,C,262.500.000,2024-03-01,repaid,13.125.000,"0,05",0,
460,A,137.500.000,2024-06-01,repaid,6.875.000,"0,05",0,
461,A,135.000.000,2024-01-01,repaid,6.750.000,"0,05",0,
462,A,138.000.000,2024-03-01,repaid,6.900.000,"0,05",0,
463,B,212.500.000,2024-01-01,repaid,10.625.000,"0,05",0,
464,A,135.000.000,2024-01-01,repaid,6.750.000,"0,05",0,
465,B,212.500.000,2024-01-01,repaid,10.625.000,"0,05",0,
466,A,137.500.000,2024-06-01,repaid,6.875.000,"0,05",0,
467,A,136.500.000,2024-05-01,repaid,6.825.000,"0,05",0,
468,A,127.500.000,2024-02-01,repaid,6.375.000,"0,05",0,
469,A,137.500.000,2024-06-01,repaid,6.875.000,"0,05",0,
470,B,228.000.000,2024-04-01,repaid,11.400.000,"0,05",0,
471,B,228.000.000,2024-04-01,repaid,11.400.000,"0,05",0,
472,B,228.000.000,2024-04-01,repaid,11.400.000,"0,05",0,
473,C,260.000.000,2024-01-01,repaid,13.000.000,"0,05",0,
474,C,250.000.000,2024-04-01,repaid,12.500.000,"0,05",0,
475,C,255.000.000,2024-02-01,repaid,12.750.000,"0,05",0,
476,C,267.750.000,2024-06-01,defaulted,-80.325.000,"-0,3",0,
477,A,137.500.000,2024-06-01,repaid,6.875.000,"0,05",0,
478,C,262.500.000,2024-03-01,repaid,13.125.000,"0,05",0,
479,B,226.000.000,2024-05-01,defaulted,-67.800.000,"-0,3",0,
480,A,127.500.000,2024-02-01,repaid,6.375.000,"0,05",0,
481,A,136.500.000,2024-05-01,repaid,6.825.000,"0,05",0,
482,A,135.000.000,2024-01-01,repaid,6.750.000,"0,05",0,
483,C,250.000.000,2024-04-01,repaid,12.500.000,"0,05",0,
484,C,262.500.000,2024-03-01,repaid,13.125.000,"0,05",0,
485,B,228.000.000,2024-04-01,defaulted,-68.400.000,"-0,3",0,
486,C,260.000.000,2024-01-01,repaid,13.000.000,"0,05",0,
487,C,260.000.000,2024-01-01,repaid,13.000.000,"0,05",0,
488,B,220.000.000,2024-02-01,repaid,11.000.000,"0,05",0,
489,A,138.000.000,2024-03-01,defaulted,-41.400.000,"-0,3",0,
490,A,135.500.000,2024-04-01,repaid,6.775.000,"0,05",0,
491,A,135.500.000,2024-04-01,repaid,6.775.000,"0,05",0,
492,A,136.500.000,2024-05-01,repaid,6.825.000,"0,05",0,
493,A,137.500.000,2024-06-01,repaid,6.875.000,"0,05",0,
494,B,222.500.000,2024-06-01,repaid,11.125.000,"0,05",0,
495,B,230.000.000,2024-03-01,defaulted,-69.000.000,"-0,3",0,
496,B,212.500.000,2024-01-01,repaid,10.625.000,"0,05",0,
497,A,136.500.000,2024-05-01,repaid,6.825.000,"0,05",0,
498,C,260.000.000,2024-01-01,repaid,13.000.000,"0,05",0,
499,B,226.000.000,2024-05-01,repaid,11.300.000,"0,05",0,
500,A,138.000.000,2024-03-01,repaid,6.900.000,"0,05",0,
501,A,136.500.000,2024-05-01,repaid,6.825.000,"0,05",0,
502,A,135.000.000,2024-01-01,repaid,6.750.000,"0,05",0,
503,B,220.000.000,2024-02-01,repaid,11.000.000,"0,05",0,
504,B,230.000.000,2024-03-01,repaid,11.500.000,"0,05",0,
505,B,220.000.000,2024-02-01,repaid,11.000.000,"0,05",0,
506,A,138.000.000,2024-03-01,repaid,6.900.000,"0,05",0,
507,A,135.500.000,2024-04-01,repaid,6.775.000,"0,05",0,
508,C,260.000.000,2024-01-01,repaid,13.000.000,"0,05",0,
509,B,226.000.000,2024-05-01,repaid,11.300.000,"0,05",0,
510,A,135.500.000,2024-04-01,repaid,6.775.000,"0,05",0,
511,C,265.000.000,2024-05-01,repaid,13.250.000,"0,05",0,
512,A,135.500.000,2024-04-01,repaid,6.775.000,"0,05",0,
513,A,136.500.000,2024-05-01,repaid,6.825.000,"0,05",0,
514,C,267.750.000,2024-06-01,defaulted,-80.325.000,"-0,3",0,
515,A,138.000.000,2024-03-01,repaid,6.900.000,"0,05",0,
516,C,262.500.000,2024-03-01,repaid,13.125.000,"0,05",0,
517,B,228.000.000,2024-04-01,repaid,11.400.000,"0,05",0,
518,A,135.500.000,2024-04-01,repaid,6.775.000,"0,05",0,
519,C,262.500.000,2024-03-01,repaid,13.125.000,"0,05",0,
520,A,137.500.000,2024-06-01,repaid,6.875.000,"0,05",0,
521,B,230.000.000,2024-03-01,repaid,11.500.000,"0,05",0,
522,B,230.000.000,2024-03-01,repaid,11.500.000,"0,05",0,
523,C,255.000.000,2024-02-01,repaid,12.750.000,"0,05",0,
524,A,138.000.000,2024-03-01,repaid,6.900.000,"0,05",0,
525,A,137.500.000,2024-06-01,repaid,6.875.000,"0,05",0,
526,B,230.000.000,2024-03-01,repaid,11.500.000,"0,05",0,
527,B,228.000.000,2024-04-01,repaid,11.400.000,"0,05",0,
528,C,267.750.000,2024-06-01,repaid,13.387.500,"0,05",0,
529,A,136.500.000,2024-05-01,repaid,6.825.000,"0,05",0,
530,C,265.000.000,2024-05-01,repaid,13.250.000,"0,05",0,
531,C,265.000.000,2024-05-01,repaid,13.250.000,"0,05",0,
532,C,265.000.000,2024-05-01,repaid,13.250.000,"0,05",0,
533,B,222.500.000,2024-06-01,repaid,11.125.000,"0,05",0,
534,A,135.000.000,2024-01-01,repaid,6.750.000,"0,05",0,
535,A,138.000.000,2024-03-01,repaid,6.900.000,"0,05",0,
536,A,127.500.000,2024-02-01,repaid,6.375.000,"0,05",0,
537,B,230.000.000,2024-03-01,repaid,11.500.000,"0,05",0,
538,B,222.500.000,2024-06-01,defaulted,-66.750.000,"-0,3",0,
539,B,230.000.000,2024-03-01,repaid,11.500.000,"0,05",0,
540,B,220.000.000,2024-02-01,defaulted,-66.000.000,"-0,3",0,
541,A,137.500.000,2024-06-01,repaid,6.875.000,"0,05",0,
542,B,222.500.000,2024-06-01,repaid,11.125.000,"0,05",0,
543,A,136.500.000,2024-05-01,repaid,6.825.000,"0,05",0,
544,A,135.000.000,2024-01-01,repaid,6.750.000,"0,05",0,
545,A,135.000.000,2024-01-01,repaid,6.750.000,"0,05",0,
546,B,226.000.000,2024-05-01,repaid,11.300.000,"0,05",0,
547,B,220.000.000,2024-02-01,repaid,11.000.000,"0,05",0,
548,B,222.500.000,2024-06-01,repaid,11.125.000,"0,05",0,
549,A,138.000.000,2024-03-01,repaid,6.900.000,"0,05",0,
550,B,212.500.000,2024-01-01,repaid,10.625.000,"0,05",0,
551,B,228.000.000,2024-04-01,repaid,11.400.000,"0,05",0,
552,A,137.500.000,2024-06-01,repaid,6.875.000,"0,05",0,
553,C,265.000.000,2024-05-01,repaid,13.250.000,"0,05",0,
554,A,135.000.000,2024-01-01,repaid,6.750.000,"0,05",0,
555,B,230.000.000,2024-03-01,defaulted,-69.000.000,"-0,3",0,
556,A,138.000.000,2024-03-01,repaid,6.900.000,"0,05",0,
557,A,137.500.000,2024-06-01,repaid,6.875.000,"0,05",0,
558,A,137.500.000,2024-06-01,defaulted,-41.250.000,"-0,3",0,
559,C,262.500.000,2024-03-01,defaulted,-78.750.000,"-0,3",0,
560,A,136.500.000,2024-05-01,repaid,6.825.000,"0,05",0,
561,B,228.000.000,2024-04-01,repaid,11.400.000,"0,05",0,
562,B,220.000.000,2024-02-01,repaid,11.000.000,"0,05",0,
563,C,267.750.000,2024-06-01,repaid,13.387.500,"0,05",0,
564,A,135.000.000,2024-01-01,repaid,6.750.000,"0,05",0,
565,A,137.500.000,2024-06-01,repaid,6.875.000,"0,05",0,
566,C,265.000.000,2024-05-01,defaulted,-79.500.000,"-0,3",0,
567,A,127.500.000,2024-02-01,repaid,6.375.000,"0,05",0,
568,B,230.000.000,2024-03-01,repaid,11.500.000,"0,05",0,
569,C,260.000.000,2024-01-01,repaid,13.000.000,"0,05",0,
570,C,260.000.000,2024-01-01,repaid,13.000.000,"0,05",0,
571,A,135.000.000,2024-01-01,repaid,6.750.000,"0,05",0,
572,A,137.500.000,2024-06-01,repaid,6.875.000,"0,05",0,
573,A,127.500.000,2024-02-01,repaid,6.375.000,"0,05",0,
574,A,135.000.000,2024-01-01,repaid,6.750.000,"0,05",0,
575,A,136.500.000,2024-05-01,repaid,6.825.000,"0,05",0,
576,C,255.000.000,2024-02-01,repaid,12.750.000,"0,05",0,
577,A,137.500.000,2024-06-01,repaid,6.875.000,"0,05",0,
578,C,250.000.000,2024-04-01,repaid,12.500.000,"0,05",0,
579,B,222.500.000,2024-06-01,repaid,11.125.000,"0,05",0,
580,B,220.000.000,2024-02-01,repaid,11.000.000,"0,05",0,
581,A,138.000.000,2024-03-01,repaid,6.900.000,"0,05",0,
582,C,265.000.000,2024-05-01,repaid,13.250.000,"0,05",0,
583,B,226.000.000,2024-05-01,repaid,11.300.000,"0,05",0,
584,A,137.500.000,2024-06-01,repaid,6.875.000,"0,05",0,
585,A,135.000.000,2024-01-01,repaid,6.750.000,"0,05",0,
586,C,265.000.000,2024-05-01,repaid,13.250.000,"0,05",0,
587,B,226.000.000,2024-05-01,repaid,11.300.000,"0,05",0,
588,C,265.000.000,2024-05-01,repaid,13.250.000,"0,05",0,
589,C,262.500.000,2024-03-01,repaid,13.125.000,"0,05",0,
590,A,127.500.000,2024-02-01,repaid,6.375.000,"0,05",0,
591,C,250.000.000,2024-04-01,repaid,12.500.000,"0,05",0,
592,A,127.500.000,2024-02-01,repaid,6.375.000,"0,05",0,
593,A,127.500.000,2024-02-01,repaid,6.375.000,"0,05",0,
594,C,250.000.000,2024-04-01,repaid,12.500.000,"0,05",0,
595,C,250.000.000,2024-04-01,repaid,12.500.000,"0,05",0,
596,C,262.500.000,2024-03-01,repaid,13.125.000,"0,05",0,
597,A,135.000.000,2024-01-01,repaid,6.750.000,"0,05",0,
598,C,260.000.000,2024-01-01,repaid,13.000.000,"0,05",0,
599,C,260.000.000,2024-01-01,repaid,13.000.000,"0,05",0,
600,A,135.000.000,2024-01-01,repaid,6.750.000,"0,05",0,
601,B,228.000.000,2024-04-01,repaid,11.400.000,"0,05",0,
602,B,226.000.000,2024-05-01,repaid,11.300.000,"0,05",0,
603,A,135.000.000,2024-01-01,repaid,6.750.000,"0,05",0,
604,B,212.500.000,2024-01-01,repaid,10.625.000,"0,05",0,
605,B,226.000.000,2024-05-01,repaid,11.300.000,"0,05",0,
606,A,135.000.000,2024-01-01,repaid,6.750.000,"0,05",0,
607,A,137.500.000,2024-06-01,repaid,6.875.000,"0,05",0,
608,A,127.500.000,2024-02-01,repaid,6.375.000,"0,05",0,
609,A,138.000.000,2024-03-01,repaid,6.900.000,"0,05",0,
610,B,220.000.000,2024-02-01,repaid,11.000.000,"0,05",0,
611,C,262.500.000,2024-03-01,repaid,13.125.000,"0,05",0,
612,A,135.000.000,2024-01-01,repaid,6.750.000,"0,05",0,
613,C,262.500.000,2024-03-01,repaid,13.125.000,"0,05",0,
614,C,255.000.000,2024-02-01,repaid,12.750.000,"0,05",0,
615,A,135.500.000,2024-04-01,repaid,6.775.000,"0,05",0,
616,B,230.000.000,2024-03-01,repaid,11.500.000,"0,05",0,
617,B,220.000.000,2024-02-01,repaid,11.000.000,"0,05",0,
618,A,135.500.000,2024-04-01,repaid,6.775.000,"0,05",0,
619,C,267.750.000,2024-06-01,repaid,13.387.500,"0,05",0,
620,C,262.500.000,2024-03-01,repaid,13.125.000,"0,05",0,
621,A,127.500.000,2024-02-01,repaid,6.375.000,"0,05",0,
622,A,137.500.000,2024-06-01,repaid,6.875.000,"0,05",0,
623,B,228.000.000,2024-04-01,repaid,11.400.000,"0,05",0,
624,C,260.000.000,2024-01-01,repaid,13.000.000,"0,05",0,
625,C,265.000.000,2024-05-01,repaid,13.250.000,"0,05",0,
626,A,135.000.000,2024-01-01,defaulted,-40.500.000,"-0,3",0,
627,A,127.500.000,2024-02-01,repaid,6.375.000,"0,05",0,
628,A,138.000.000,2024-03-01,repaid,6.900.000,"0,05",0,
629,A,136.500.000,2024-05-01,repaid,6.825.000,"0,05",0,
630,A,135.000.000,2024-01-01,repaid,6.750.000,"0,05",0,
631,C,262.500.000,2024-03-01,repaid,13.125.000,"0,05",0,
632,A,138.000.000,2024-03-01,repaid,6.900.000,"0,05",0,
633,B,212.500.000,2024-01-01,repaid,10.625.000,"0,05",0,
634,B,212.500.000,2024-01-01,repaid,10.625.000,"0,05",0,
635,C,260.000.000,2024-01-01,repaid,13.000.000,"0,05",0,
636,A,137.500.000,2024-06-01,repaid,6.875.000,"0,05",0,
637,A,135.000.000,2024-01-01,repaid,6.750.000,"0,05",0,
638,A,137.500.000,2024-06-01,repaid,6.875.000,"0,05",0,
639,A,135.000.000,2024-01-01,repaid,6.750.000,"0,05",0,
640,C,262.500.000,2024-03-01,repaid,13.125.000,"0,05",0,
641,A,138.000.000,2024-03-01,repaid,6.900.000,"0,05",0,
642,C,265.000.000,2024-05-01,repaid,13.250.000,"0,05",0,
643,A,135.500.000,2024-04-01,repaid,6.775.000,"0,05",0,
644,C,265.000.000,2024-05-01,repaid,13.250.000,"0,05",0,
645,B,212.500.000,2024-01-01,repaid,10.625.000,"0,05",0,
646,A,137.500.000,2024-06-01,repaid,6.875.000,"0,05",0,
647,B,228.000.000,2024-04-01,repaid,11.400.000,"0,05",0,
648,A,127.500.000,2024-02-01,repaid,6.375.000,"0,05",0,
649,A,135.500.000,2024-04-01,repaid,6.775.000,"0,05",0,
650,A,137.500.000,2024-06-01,repaid,6.875.000,"0,05",0,
651,C,267.750.000,2024-06-01,repaid,13.387.500,"0,05",0,
652,A,135.000.000,2024-01-01,repaid,6.750.000,"0,05",0,
653,B,212.500.000,2024-01-01,repaid,10.625.000,"0,05",0,
654,C,265.000.000,2024-05-01,defaulted,-79.500.000,"-0,3",0,
655,A,138.000.000,2024-03-01,repaid,6.900.000,"0,05",0,
656,C,250.000.000,2024-04-01,repaid,12.500.000,"0,05",0,
657,B,220.000.000,2024-02-01,repaid,11.000.000,"0,05",0,
658,C,265.000.000,2024-05-01,repaid,13.250.000,"0,05",0,
659,A,136.500.000,2024-05-01,repaid,6.825.000,"0,05",0,
660,A,136.500.000,2024-05-01,repaid,6.825.000,"0,05",0,
661,C,265.000.000,2024-05-01,defaulted,-79.500.000,"-0,3",0,
662,A,135.500.000,2024-04-01,repaid,6.775.000,"0,05",0,
663,A,127.500.000,2024-02-01,repaid,6.375.000,"0,05",0,
664,A,138.000.000,2024-03-01,repaid,6.900.000,"0,05",0,
665,A,138.000.000,2024-03-01,repaid,6.900.000,"0,05",0,
666,B,226.000.000,2024-05-01,repaid,11.300.000,"0,05",0,
667,B,226.000.000,2024-05-01,repaid,11.300.000,"0,05",0,
668,A,135.500.000,2024-04-01,repaid,6.775.000,"0,05",0,
669,A,137.500.000,2024-06-01,repaid,6.875.000,"0,05",0,
670,A,137.500.000,2024-06-01,repaid,6.875.000,"0,05",0,
671,A,138.000.000,2024-03-01,repaid,6.900.000,"0,05",0,
672,A,135.000.000,2024-01-01,repaid,6.750.000,"0,05",0,
673,A,135.500.000,2024-04-01,repaid,6.775.000,"0,05",0,
674,A,136.500.000,2024-05-01,repaid,6.825.000,"0,05",0,
675,C,265.000.000,2024-05-01,repaid,13.250.000,"0,05",0,
676,A,135.500.000,2024-04-01,repaid,6.775.000,"0,05",0,
677,A,135.000.000,2024-01-01,repaid,6.750.000,"0,05",0,
678,B,220.000.000,2024-02-01,repaid,11.000.000,"0,05",0,
679,A,137.500.000,2024-06-01,repaid,6.875.000,"0,05",0,
680,A,135.500.000,2024-04-01,repaid,6.775.000,"0,05",0,
681,B,230.000.000,2024-03-01,repaid,11.500.000,"0,05",0,
682,A,137.500.000,2024-06-01,repaid,6.875.000,"0,05",0,
683,C,265.000.000,2024-05-01,repaid,13.250.000,"0,05",0,
684,B,228.000.000,2024-04-01,repaid,11.400.000,"0,05",0,
685,A,135.500.000,2024-04-01,repaid,6.775.000,"0,05",0,
686,B,226.000.000,2024-05-01,defaulted,-67.800.000,"-0,3",0,
687,A,138.000.000,2024-03-01,repaid,6.900.000,"0,05",0,
688,A,138.000.000,2024-03-01,repaid,6.900.000,"0,05",0,
689,A,136.500.000,2024-05-01,repaid,6.825.000,"0,05",0,
690,A,138.000.000,2024-03-01,repaid,6.900.000,"0,05",0,
691,A,127.500.000,2024-02-01,repaid,6.375.000,"0,05",0,
692,A,137.500.000,2024-06-01,repaid,6.875.000,"0,05",0,
693,B,220.000.000,2024-02-01,repaid,11.000.000,"0,05",0,
694,A,135.000.000,2024-01-01,repaid,6.750.000,"0,05",0,
695,B,226.000.000,2024-05-01,repaid,11.300.000,"0,05",0,
696,B,230.000.000,2024-03-01,repaid,11.500.000,"0,05",0,
697,A,136.500.000,2024-05-01,repaid,6.825.000,"0,05",0,
698,B,222.500.000,2024-06-01,repaid,11.125.000,"0,05",0,
699,A,138.000.000,2024-03-01,repaid,6.900.000,"0,05",0,
700,B,230.000.000,2024-03-01,repaid,11.500.000,"0,05",0,
701,A,127.500.000,2024-02-01,repaid,6.375.000,"0,05",0,
702,A,135.000.000,2024-01-01,repaid,6.750.000,"0,05",0,
703,A,135.000.000,2024-01-01,repaid,6.750.000,"0,05",0,
704,A,136.500.000,2024-05-01,repaid,6.825.000,"0,05",0,
705,A,138.000.000,2024-03-01,repaid,6.900.000,"0,05",0,
706,A,135.000.000,2024-01-01,repaid,6.750.000,"0,05",0,
707,A,138.000.000,2024-03-01,repaid,6.900.000,"0,05",0,
708,B,222.500.000,2024-06-01,repaid,11.125.000,"0,05",0,
709,A,135.500.000,2024-04-01,repaid,6.775.000,"0,05",0,
710,C,265.000.000,2024-05-01,repaid,13.250.000,"0,05",0,
711,A,135.000.000,2024-01-01,repaid,6.750.000,"0,05",0,
712,A,137.500.000,2024-06-01,repaid,6.875.000,"0,05",0,
713,C,267.750.000,2024-06-01,repaid,13.387.500,"0,05",0,
714,A,127.500.000,2024-02-01,repaid,6.375.000,"0,05",0,
715,C,265.000.000,2024-05-01,repaid,13.250.000,"0,05",0,
716,C,250.000.000,2024-04-01,repaid,12.500.000,"0,05",0,
717,A,136.500.000,2024-05-01,repaid,6.825.000,"0,05",0,
718,B,220.000.000,2024-02-01,repaid,11.000.000,"0,05",0,
719,B,212.500.000,2024-01-01,repaid,10.625.000,"0,05",0,
720,A,135.000.000,2024-01-01,repaid,6.750.000,"0,05",0,
721,C,262.500.000,2024-03-01,repaid,13.125.000,"0,05",0,
722,C,267.750.000,2024-06-01,repaid,13.387.500,"0,05",0,
723,B,226.000.000,2024-05-01,repaid,11.300.000,"0,05",0,
724,A,137.500.000,2024-06-01,repaid,6.875.000,"0,05",0,
725,A,138.000.000,2024-03-01,repaid,6.900.000,"0,05",0,
726,B,230.000.000,2024-03-01,repaid,11.500.000,"0,05",0,
727,B,230.000.000,2024-03-01,repaid,11.500.000,"0,05",0,
728,A,135.500.000,2024-04-01,repaid,6.775.000,"0,05",0,
729,C,267.750.000,2024-06-01,repaid,13.387.500,"0,05",0,
730,C,260.000.000,2024-01-01,defaulted,-78.000.000,"-0,3",0,
731,A,137.500.000,2024-06-01,repaid,6.875.000,"0,05",0,
732,C,260.000.000,2024-01-01,repaid,13.000.000,"0,05",0,
733,A,135.500.000,2024-04-01,repaid,6.775.000,"0,05",0,
734,B,230.000.000,2024-03-01,repaid,11.500.000,"0,05",0,
735,A,136.500.000,2024-05-01,repaid,6.825.000,"0,05",0,
736,A,138.000.000,2024-03-01,repaid,6.900.000,"0,05",0,
737,A,135.000.000,2024-01-01,repaid,6.750.000,"0,05",0,
738,C,267.750.000,2024-06-01,repaid,13.387.500,"0,05",0,
739,A,138.000.000,2024-03-01,repaid,6.900.000,"0,05",0,
740,A,135.000.000,2024-01-01,repaid,6.750.000,"0,05",0,
741,B,212.500.000,2024-01-01,repaid,10.625.000,"0,05",0,
742,A,127.500.000,2024-02-01,repaid,6.375.000,"0,05",0,
743,B,222.500.000,2024-06-01,repaid,11.125.000,"0,05",0,
744,A,135.000.000,2024-01-01,repaid,6.750.000,"0,05",0,
745,B,230.000.000,2024-03-01,defaulted,-69.000.000,"-0,3",0,
746,A,135.000.000,2024-01-01,repaid,6.750.000,"0,05",0,
747,A,136.500.000,2024-05-01,repaid,6.825.000,"0,05",0,
748,A,137.500.000,2024-06-01,defaulted,-41.250.000,"-0,3",0,
749,A,135.500.000,2024-04-01,repaid,6.775.000,"0,05",0,
750,C,255.000.000,2024-02-01,repaid,12.750.000,"0,05",0,
751,A,135.500.000,2024-04-01,defaulted,-40.650.000,"-0,3",0,
752,B,220.000.000,2024-02-01,repaid,11.000.000,"0,05",0,
753,A,135.000.000,2024-01-01,repaid,6.750.000,"0,05",0,
754,A,137.500.000,2024-06-01,repaid,6.875.000,"0,05",0,
755,A,135.500.000,2024-04-01,defaulted,-40.650.000,"-0,3",0,
756,A,135.500.000,2024-04-01,repaid,6.775.000,"0,05",0,
757,A,138.000.000,2024-03-01,repaid,6.900.000,"0,05",0,
758,A,138.000.000,2024-03-01,repaid,6.900.000,"0,05",0,
759,A,135.500.000,2024-04-01,repaid,6.775.000,"0,05",0,
760,C,260.000.000,2024-01-01,repaid,13.000.000,"0,05",0,
761,B,220.000.000,2024-02-01,repaid,11.000.000,"0,05",0,
762,A,138.000.000,2024-03-01,repaid,6.900.000,"0,05",0,
763,A,127.500.000,2024-02-01,repaid,6.375.000,"0,05",0,
764,B,222.500.000,2024-06-01,repaid,11.125.000,"0,05",0,
765,A,127.500.000,2024-02-01,repaid,6.375.000,"0,05",0,
766,B,230.000.000,2024-03-01,repaid,11.500.000,"0,05",0,
767,B,220.000.000,2024-02-01,repaid,11.000.000,"0,05",0,
768,A,138.000.000,2024-03-01,repaid,6.900.000,"0,05",0,
769,B,222.500.000,2024-06-01,repaid,11.125.000,"0,05",0,
770,B,212.500.000,2024-01-01,repaid,10.625.000,"0,05",0,
771,A,135.000.000,2024-01-01,repaid,6.750.000,"0,05",0,
772,A,136.500.000,2024-05-01,repaid,6.825.000,"0,05",0,
773,A,135.000.000,2024-01-01,repaid,6.750.000,"0,05",0,
774,B,222.500.000,2024-06-01,repaid,11.125.000,"0,05",0,
775,B,212.500.000,2024-01-01,repaid,10.625.000,"0,05",0,
776,A,137.500.000,2024-06-01,repaid,6.875.000,"0,05",0,
777,C,250.000.000,2024-04-01,repaid,12.500.000,"0,05",0,
778,A,137.500.000,2024-06-01,repaid,6.875.000,"0,05",0,
779,A,138.000.000,2024-03-01,repaid,6.900.000,"0,05",0,
780,C,262.500.000,2024-03-01,repaid,13.125.000,"0,05",0,
781,A,138.000.000,2024-03-01,repaid,6.900.000,"0,05",0,
782,B,228.000.000,2024-04-01,repaid,11.400.000,"0,05",0,
783,A,138.000.000,2024-03-01,repaid,6.900.000,"0,05",0,
784,A,135.000.000,2024-01-01,repaid,6.750.000,"0,05",0,
785,A,127.500.000,2024-02-01,repaid,6.375.000,"0,05",0,
786,A,137.500.000,2024-06-01,repaid,6.875.000,"0,05",0,
787,A,137.500.000,2024-06-01,repaid,6.875.000,"0,05",0,
788,C,267.750.000,2024-06-01,repaid,13.387.500,"0,05",0,
789,A,136.500.000,2024-05-01,repaid,6.825.000,"0,05",0,
790,B,228.000.000,2024-04-01,repaid,11.400.000,"0,05",0,
791,A,135.500.000,2024-04-01,repaid,6.775.000,"0,05",0,
792,B,226.000.000,2024-05-01,repaid,11.300.000,"0,05",0,
793,A,136.500.000,2024-05-01,repaid,6.825.000,"0,05",0,
794,B,220.000.000,2024-02-01,repaid,11.000.000,"0,05",0,
795,C,267.750.000,2024-06-01,defaulted,-80.325.000,"-0,3",0,
796,A,136.500.000,2024-05-01,repaid,6.825.000,"0,05",0,
797,A,135.000.000,2024-01-01,repaid,6.750.000,"0,05",0,
798,B,212.500.000,2024-01-01,repaid,10.625.000,"0,05",0,
799,A,137.500.000,2024-06-01,repaid,6.875.000,"0,05",0,
800,A,127.500.000,2024-02-01,repaid,6.375.000,"0,05",0,
801,A,135.500.000,2024-04-01,repaid,6.775.000,"0,05",0,
802,C,265.000.000,2024-05-01,repaid,13.250.000,"0,05",0,
803,A,135.500.000,2024-04-01,repaid,6.775.000,"0,05",0,
804,A,127.500.000,2024-02-01,repaid,6.375.000,"0,05",0,
805,A,137.500.000,2024-06-01,repaid,6.875.000,"0,05",0,
806,B,230.000.000,2024-03-01,repaid,11.500.000,"0,05",0,
807,A,136.500.000,2024-05-01,repaid,6.825.000,"0,05",0,
808,A,138.000.000,2024-03-01,repaid,6.900.000,"0,05",0,
809,A,138.000.000,2024-03-01,repaid,6.900.000,"0,05",0,
810,A,136.500.000,2024-05-01,repaid,6.825.000,"0,05",0,
811,A,135.500.000,2024-04-01,repaid,6.775.000,"0,05",0,
812,A,135.500.000,2024-04-01,repaid,6.775.000,"0,05",0,
813,B,220.000.000,2024-02-01,repaid,11.000.000,"0,05",0,
814,C,260.000.000,2024-01-01,defaulted,-78.000.000,"-0,3",0,
815,A,135.500.000,2024-04-01,repaid,6.775.000,"0,05",0,
816,A,136.500.000,2024-05-01,repaid,6.825.000,"0,05",0,
817,A,127.500.000,2024-02-01,repaid,6.375.000,"0,05",0,
818,A,138.000.000,2024-03-01,repaid,6.900.000,"0,05",0,
819,A,138.000.000,2024-03-01,repaid,6.900.000,"0,05",0,
820,A,137.500.000,2024-06-01,repaid,6.875.000,"0,05",0,
821,C,262.500.000,2024-03-01,defaulted,-78.750.000,"-0,3",0,
822,B,220.000.000,2024-02-01,repaid,11.000.000,"0,05",0,
823,A,135.500.000,2024-04-01,repaid,6.775.000,"0,05",0,
824,C,255.000.000,2024-02-01,repaid,12.750.000,"0,05",0,
825,A,135.000.000,2024-01-01,repaid,6.750.000,"0,05",0,
826,A,137.500.000,2024-06-01,repaid,6.875.000,"0,05",0,
827,A,137.500.000,2024-06-01,defaulted,-41.250.000,"-0,3",0,
828,A,136.500.000,2024-05-01,repaid,6.825.000,"0,05",0,
829,A,127.500.000,2024-02-01,defaulted,-38.250.000,"-0,3",0,
830,B,220.000.000,2024-02-01,repaid,11.000.000,"0,05",0,
831,C,267.750.000,2024-06-01,repaid,13.387.500,"0,05",0,
832,A,138.000.000,2024-03-01,repaid,6.900.000,"0,05",0,
833,C,255.000.000,2024-02-01,repaid,12.750.000,"0,05",0,
834,A,135.000.000,2024-01-01,repaid,6.750.000,"0,05",0,
835,A,138.000.000,2024-03-01,repaid,6.900.000,"0,05",0,
836,C,250.000.000,2024-04-01,repaid,12.500.000,"0,05",0,
837,B,228.000.000,2024-04-01,defaulted,-68.400.000,"-0,3",0,
838,A,135.000.000,2024-01-01,repaid,6.750.000,"0,05",0,
839,A,137.500.000,2024-06-01,repaid,6.875.000,"0,05",0,
840,B,230.000.000,2024-03-01,repaid,11.500.000,"0,05",0,
841,A,135.500.000,2024-04-01,repaid,6.775.000,"0,05",0,
842,B,230.000.000,2024-03-01,repaid,11.500.000,"0,05",0,
843,C,265.000.000,2024-05-01,repaid,13.250.000,"0,05",0,
844,B,228.000.000,2024-04-01,repaid,11.400.000,"0,05",0,
845,B,230.000.000,2024-03-01,repaid,11.500.000,"0,05",0,
846,B,212.500.000,2024-01-01,repaid,10.625.000,"0,05",0,
847,A,138.000.000,2024-03-01,repaid,6.900.000,"0,05",0,
848,C,250.000.000,2024-04-01,repaid,12.500.000,"0,05",0,
849,C,255.000.000,2024-02-01,repaid,12.750.000,"0,05",0,
850,B,226.000.000,2024-05-01,repaid,11.300.000,"0,05",0,
851,C,267.750.000,2024-06-01,repaid,13.387.500,"0,05",0,
852,B,228.000.000,2024-04-01,repaid,11.400.000,"0,05",0,
853,A,135.000.000,2024-01-01,repaid,6.750.000,"0,05",0,
854,C,267.750.000,2024-06-01,repaid,13.387.500,"0,05",0,
855,B,228.000.000,2024-04-01,repaid,11.400.000,"0,05",0,
856,B,228.000.000,2024-04-01,defaulted,-68.400.000,"-0,3",0,
857,C,260.000.000,2024-01-01,repaid,13.000.000,"0,05",0,
858,B,220.000.000,2024-02-01,repaid,11.000.000,"0,05",0,
859,B,226.000.000,2024-05-01,repaid,11.300.000,"0,05",0,
860,C,255.000.000,2024-02-01,repaid,12.750.000,"0,05",0,
861,C,250.000.000,2024-04-01,repaid,12.500.000,"0,05",0,
862,B,212.500.000,2024-01-01,repaid,10.625.000,"0,05",0,
863,A,135.000.000,2024-01-01,repaid,6.750.000,"0,05",0,
864,C,260.000.000,2024-01-01,repaid,13.000.000,"0,05",0,
865,C,267.750.000,2024-06-01,repaid,13.387.500,"0,05",0,
866,C,260.000.000,2024-01-01,repaid,13.000.000,"0,05",0,
867,B,228.000.000,2024-04-01,repaid,11.400.000,"0,05",0,
868,B,230.000.000,2024-03-01,repaid,11.500.000,"0,05",0,
869,B,222.500.000,2024-06-01,repaid,11.125.000,"0,05",0,
870,A,127.500.000,2024-02-01,repaid,6.375.000,"0,05",0,
871,B,220.000.000,2024-02-01,repaid,11.000.000,"0,05",0,
872,B,230.000.000,2024-03-01,repaid,11.500.000,"0,05",0,
873,A,138.000.000,2024-03-01,repaid,6.900.000,"0,05",0,
874,A,138.000.000,2024-03-01,repaid,6.900.000,"0,05",0,
875,C,260.000.000,2024-01-01,repaid,13.000.000,"0,05",0,
876,A,135.500.000,2024-04-01,repaid,6.775.000,"0,05",0,
877,A,135.500.000,2024-04-01,repaid,6.775.000,"0,05",0,
878,A,127.500.000,2024-02-01,repaid,6.375.000,"0,05",0,
879,B,222.500.000,2024-06-01,repaid,11.125.000,"0,05",0,
880,A,138.000.000,2024-03-01,repaid,6.900.000,"0,05",0,
881,A,137.500.000,2024-06-01,repaid,6.875.000,"0,05",0,
882,A,137.500.000,2024-06-01,repaid,6.875.000,"0,05",0,
883,C,250.000.000,2024-04-01,repaid,12.500.000,"0,05",0,
884,A,136.500.000,2024-05-01,defaulted,-40.950.000,"-0,3",0,
885,A,127.500.000,2024-02-01,repaid,6.375.000,"0,05",0,
886,B,228.000.000,2024-04-01,repaid,11.400.000,"0,05",0,
887,C,265.000.000,2024-05-01,repaid,13.250.000,"0,05",0,
888,A,127.500.000,2024-02-01,repaid,6.375.000,"0,05",0,
889,A,137.500.000,2024-06-01,repaid,6.875.000,"0,05",0,
890,A,135.000.000,2024-01-01,repaid,6.750.000,"0,05",0,
891,C,265.000.000,2024-05-01,repaid,13.250.000,"0,05",0,
892,A,135.500.000,2024-04-01,repaid,6.775.000,"0,05",0,
893,B,220.000.000,2024-02-01,repaid,11.000.000,"0,05",0,
894,A,135.000.000,2024-01-01,repaid,6.750.000,"0,05",0,
895,B,228.000.000,2024-04-01,repaid,11.400.000,"0,05",0,
896,A,136.500.000,2024-05-01,repaid,6.825.000,"0,05",0,
897,B,222.500.000,2024-06-01,repaid,11.125.000,"0,05",0,
898,B,230.000.000,2024-03-01,repaid,11.500.000,"0,05",0,
899,B,222.500.000,2024-06-01,repaid,11.125.000,"0,05",0,
900,A,136.500.000,2024-05-01,repaid,6.825.000,"0,05",0,
901,C,267.750.000,2024-06-01,repaid,13.387.500,"0,05",0,
902,A,135.500.000,2024-04-01,repaid,6.775.000,"0,05",0,
903,C,262.500.000,2024-03-01,repaid,13.125.000,"0,05",0,
904,A,138.000.000,2024-03-01,repaid,6.900.000,"0,05",0,
905,A,137.500.000,2024-06-01,repaid,6.875.000,"0,05",0,
906,C,250.000.000,2024-04-01,repaid,12.500.000,"0,05",0,
907,A,137.500.000,2024-06-01,repaid,6.875.000,"0,05",0,
908,A,127.500.000,2024-02-01,repaid,6.375.000,"0,05",0,
909,C,260.000.000,2024-01-01,repaid,13.000.000,"0,05",0,
910,A,135.000.000,2024-01-01,repaid,6.750.000,"0,05",0,
911,A,138.000.000,2024-03-01,repaid,6.900.000,"0,05",0,
912,B,212.500.000,2024-01-01,defaulted,-63.750.000,"-0,3",0,
913,A,136.500.000,2024-05-01,repaid,6.825.000,"0,05",0,
914,C,265.000.000,2024-05-01,repaid,13.250.000,"0,05",0,
915,A,127.500.000,2024-02-01,repaid,6.375.000,"0,05",0,
916,A,137.500.000,2024-06-01,repaid,6.875.000,"0,05",0,
917,B,228.000.000,2024-04-01,defaulted,-68.400.000,"-0,3",0,
918,C,262.500.000,2024-03-01,repaid,13.125.000,"0,05",0,
919,A,135.000.000,2024-01-01,repaid,6.750.000,"0,05",0,
920,B,212.500.000,2024-01-01,repaid,10.625.000,"0,05",0,
921,A,135.500.000,2024-04-01,repaid,6.775.000,"0,05",0,
922,A,135.500.000,2024-04-01,repaid,6.775.000,"0,05",0,
923,A,136.500.000,2024-05-01,repaid,6.825.000,"0,05",0,
924,C,255.000.000,2024-02-01,repaid,12.750.000,"0,05",0,
925,B,228.000.000,2024-04-01,repaid,11.400.000,"0,05",0,
926,B,222.500.000,2024-06-01,repaid,11.125.000,"0,05",0,
927,A,127.500.000,2024-02-01,repaid,6.375.000,"0,05",0,
928,C,255.000.000,2024-02-01,repaid,12.750.000,"0,05",0,
929,A,136.500.000,2024-05-01,repaid,6.825.000,"0,05",0,
930,A,135.500.000,2024-04-01,repaid,6.775.000,"0,05",0,
931,B,222.500.000,2024-06-01,repaid,11.125.000,"0,05",0,
932,C,265.000.000,2024-05-01,repaid,13.250.000,"0,05",0,
933,A,135.000.000,2024-01-01,repaid,6.750.000,"0,05",0,
934,A,138.000.000,2024-03-01,repaid,6.900.000,"0,05",0,
935,C,260.000.000,2024-01-01,repaid,13.000.000,"0,05",0,
936,A,138.000.000,2024-03-01,repaid,6.900.000,"0,05",0,
937,A,135.500.000,2024-04-01,repaid,6.775.000,"0,05",0,
938,A,135.000.000,2024-01-01,repaid,6.750.000,"0,05",0,
939,A,137.500.000,2024-06-01,repaid,6.875.000,"0,05",0,
940,B,212.500.000,2024-01-01,repaid,10.625.000,"0,05",0,
941,C,267.750.000,2024-06-01,repaid,13.387.500,"0,05",0,
942,A,137.500.000,2024-06-01,repaid,6.875.000,"0,05",0,
943,A,138.000.000,2024-03-01,repaid,6.900.000,"0,05",0,
944,B,230.000.000,2024-03-01,repaid,11.500.000,"0,05",0,
945,A,135.500.000,2024-04-01,repaid,6.775.000,"0,05",0,
946,C,267.750.000,2024-06-01,repaid,13.387.500,"0,05",0,
947,C,265.000.000,2024-05-01,repaid,13.250.000,"0,05",0,
948,C,255.000.000,2024-02-01,repaid,12.750.000,"0,05",0,
949,C,260.000.000,2024-01-01,repaid,13.000.000,"0,05",0,
950,B,228.000.000,2024-04-01,repaid,11.400.000,"0,05",0,
951,B,230.000.000,2024-03-01,repaid,11.500.000,"0,05",0,
952,A,135.000.000,2024-01-01,repaid,6.750.000,"0,05",0,
953,B,230.000.000,2024-03-01,repaid,11.500.000,"0,05",0,
954,B,230.000.000,2024-03-01,repaid,11.500.000,"0,05",0,
955,A,138.000.000,2024-03-01,repaid,6.900.000,"0,05",0,
956,A,138.000.000,2024-03-01,repaid,6.900.000,"0,05",0,
957,B,230.000.000,2024-03-01,repaid,11.500.000,"0,05",0,
958,C,267.750.000,2024-06-01,repaid,13.387.500,"0,05",0,
959,A,136.500.000,2024-05-01,repaid,6.825.000,"0,05",0,
960,B,226.000.000,2024-05-01,repaid,11.300.000,"0,05",0,
961,C,255.000.000,2024-02-01,repaid,12.750.000,"0,05",0,
962,B,226.000.000,2024-05-01,repaid,11.300.000,"0,05",0,
963,B,220.000.000,2024-02-01,repaid,11.000.000,"0,05",0,
964,A,138.000.000,2024-03-01,repaid,6.900.000,"0,05",0,
965,C,267.750.000,2024-06-01,repaid,13.387.500,"0,05",0,
966,C,267.750.000,2024-06-01,repaid,13.387.500,"0,05",0,
967,B,212.500.000,2024-01-01,repaid,10.625.000,"0,05",0,
968,C,250.000.000,2024-04-01,repaid,12.500.000,"0,05",0,
969,A,137.500.000,2024-06-01,repaid,6.875.000,"0,05",0,
970,C,265.000.000,2024-05-01,repaid,13.250.000,"0,05",0,
971,B,226.000.000,2024-05-01,repaid,11.300.000,"0,05",0,
972,C,267.750.000,2024-06-01,repaid,13.387.500,"0,05",0,
973,B,226.000.000,2024-05-01,defaulted,-67.800.000,"-0,3",0,
974,A,127.500.000,2024-02-01,repaid,6.375.000,"0,05",0,
975,C,250.000.000,2024-04-01,repaid,12.500.000,"0,05",0,
976,A,136.500.000,2024-05-01,repaid,6.825.000,"0,05",0,
977,C,267.750.000,2024-06-01,repaid,13.387.500,"0,05",0,
978,A,127.500.000,2024-02-01,repaid,6.375.000,"0,05",0,
979,A,138.000.000,2024-03-01,repaid,6.900.000,"0,05",0,
980,A,127.500.000,2024-02-01,repaid,6.375.000,"0,05",0,
981,C,260.000.000,2024-01-01,repaid,13.000.000,"0,05",0,
982,A,135.500.000,2024-04-01,repaid,6.775.000,"0,05",0,
983,B,226.000.000,2024-05-01,repaid,11.300.000,"0,05",0,
984,A,135.500.000,2024-04-01,repaid,6.775.000,"0,05",0,
985,C,260.000.000,2024-01-01,repaid,13.000.000,"0,05",0,
986,B,222.500.000,2024-06-01,repaid,11.125.000,"0,05",0,
987,A,138.000.000,2024-03-01,repaid,6.900.000,"0,05",0,
988,B,212.500.000,2024-01-01,repaid,10.625.000,"0,05",0,
989,C,255.000.000,2024-02-01,repaid,12.750.000,"0,05",0,
990,A,137.500.000,2024-06-01,repaid,6.875.000,"0,05",0,
991,C,265.000.000,2024-05-01,repaid,13.250.000,"0,05",0,
992,B,228.000.000,2024-04-01,repaid,11.400.000,"0,05",0,
993,A,135.500.000,2024-04-01,repaid,6.775.000,"0,05",0,
994,A,136.500.000,2024-05-01,repaid,6.825.000,"0,05",0,
995,B,220.000.000,2024-02-01,repaid,11.000.000,"0,05",0,
996,C,267.750.000,2024-06-01,repaid,13.387.500,"0,05",0,
997,A,137.500.000,2024-06-01,repaid,6.875.000,"0,05",0,
998,B,222.500.000,2024-06-01,repaid,11.125.000,"0,05",0,
999,C,262.500.000,2024-03-01,repaid,13.125.000,"0,05",0,
1000,B,226.000.000,2024-05-01,repaid,11.300.000,"0,05",0,